{"cameraMode":{"drawMode":0,"name":"Shaded","section":"Shading Mode"},"sceneLighting":true,"audioPlay":false,"sceneViewState":{"showFog":true,"showMaterialUpdate":false,"showSkybox":true,"showFlares":true,"showImageEffects":true,"showParticleSystems":true},"in2DMode":false,"pivot":{"x":831.9551391601563,"y":2107.556396484375,"z":325.34521484375},"rotation":{"x":-0.0011902503902092577,"y":0.011402375996112824,"z":0.000013597916222352069,"w":0.9999342560768127},"size":1753.078125,"orthographic":false}